MARCAMODELO,Segmento
Xiaomi Redmi A7 Pro 128GB 4G,Honor X6D 5G
Samsung Galaxy A17 128GB 5G,Honor X6D 5G
Samsung Galaxy A07 128GB 4G,Honor X5D
Honor X6D 256GB 5G,Honor X6D 5G
Xiaomi Redmi 15C 256GB 4G,Honor X5C Plus
Motorola Moto G17 256GB 4G,Honor X6D 5G
Xiaomi Redmi Note 15 256GB 5G,Honor X7D
Motorola Moto G67 256GB 5G,Honor X7D
Motorola Moto G06 256GB 4G,Honor X5C Plus
Samsung Galaxy A07 64GB 4G,Sin Segmento < S/399
Samsung Galaxy A56 256GB 5G,Honor 600 E
ZTE Blade A76 256GB 5G,Honor X6D 5G
ZTE Blade A56 Pro 128GB 4G,Honor X5D
Xiaomi Redmi Note 15 Pro 512GB 5G,Honor 400 Lite
Honor Magic 8 Lite 512GB 5G,Honor 600 E
Honor X8D 256GB 4G,Honor X8D
Xiaomi Redmi 15 4G,Honor X7D
Xiaomi Redmi Note 15 Pro Plus 512GB 5G,Honor 600 E
Honor X5D 128GB 4G,Honor X5D
Honor 600e 512GB 5G,Honor 600 E
Oppo A6X 256GB 5G,Honor X7D
Apple Iphone 17 Pro Max 256GB 5G,Apple
Motorola Moto G77 256GB 5G,Honor 400 Lite
Samsung Galaxy A57 256GB 5G,Honor 600 E
Zte Blade A36 64GB 4G,Sin Segmento
Samsung Galaxy A37 256GB 5G,Honor 400 Lite
Apple Iphone 17 256GB 5G,Apple
Oppo A6C 128GB 4G,Honor X6D 5G
Motorola Moto G47 128GB 5G,Honor X7D
Samsung Galaxy S26 Ultra 256GB 5G,Magic 8 Pro
Samsung Galaxy A26 128GB 5G,Honor X8D
Apple Iphone 16 128GB 5G,Apple
Apple Iphone 17 Pro 256GB 5G,Apple
Honor X7D 256GB 5G,Honor X7D
Vivo Y21 256GB 5G,Honor X7D
Vivo Y11 128GB 5G,Honor X6D 5G
Vivo V70 FE 256GB 5G,Honor 600 E
Samsung Galaxy S24 FE 128GB 5G,Honor 600 512GB
Motorola Moto Edge 70 Fusion 256GB 12 GB 5G,Honor 600 E
Samsung Galaxy A17 256GB 5G,Honor X6D 5G
Motorola Moto Edge 70 fusion 256GB 5G,Honor 400 Lite
Oppo Reno 14F 256GB 5G,Honor 600 E
Vivo Y31 256GB 5G,Honor X8D
Samsung Galaxy A27 128GB 5G,Honor X8D
Apple Iphone 15 128GB 5G,Apple
Oppo A6 Pro 256GB 5G,Honor 600 E
Zte Nubia Neo5 256GB 5G,Honor X8D
Honor 600 512GB 5G,Honor 600 512GB
Samsung Galaxy A26 256GB 5G,Honor X8D
Oppo A5 256GB 5G,Honor X8D
Xiaomi 17T 512GB 5G,Honor 600 512GB
Honor X5c,Honor X5D
Honor 400 Lite 256GB 5G,Honor 400 Lite
Xiaomi 17T Pro 512GB 5G,Honor 600 Pro 5G
Zte Nubia Air 512GB 5G,Honor X8D
Samsung Galaxy S26 256GB 5G,Honor 600 Pro 5G
Honor X8C 256GB 5G,Honor X8D
ZTE Nubia Neo3 256GB 5G,Honor X7D
Honor 600 Pro 512GB 5G,Honor 600 Pro 5G
Honor X5c Plus,Honor X5C Plus
Xiaomi Redmi A5 128GB,Honor X5D
Samsung Galaxy A27 256GB 5G,Honor X8D
Samsung Galaxy S25 FE 256GB 5G,Honor 600 512GB
Motorola Moto Edge 70 512GB 5G,Honor 600 E
Honor 400 512GB 5G,Honor 600 E
Xiaomi 15T Pro 512GB 5G,Honor 600 Pro 5G
Vivo Y39 256GB 5G,Honor X8D
Samsung Galaxy S25 FE 128GB 5G,Honor 600 512GB
Honor X6B 256GB 5G,Honor X6D 5G
Samsung Galaxy S25 Ultra 256GB 5G,Magic 8 Pro
Xiaomi Redmi Note 14 5G,Honor X7D
Motorola Moto G35 256GB 5G,Honor X6D 5G
Apple Iphone 13 128GB,Apple
Oppo A5X 128GB 4G,Honor X5D
Vivo V60 Lite 256GB 5G,Honor 600 E
Xiaomi 15T 512GB 5G,Honor 600 E
Motorola Moto Edge 60 fusion 256GB 5G,Honor 400 Lite
Motorola Moto G56 256GB 5G,Honor X7D
Samsung Galaxy A36 256GB 5G,Honor 400 Lite
Apple Iphone 17 512GB 5G,Apple
Apple Iphone 16e 128GB 5G,Apple
Vivo Y29S 256GB 5G,Honor X7D
Xiaomi Redmi Note 14 Pro Plus 5G,Honor 600 E
Motorola Moto G86 Power 256GB 5G,Honor X8D
Honor 400 Pro 512GB 5G,Honor 600 Pro 5G
Xiaomi Redmi Note 14 Pro 5G,Honor 400 Lite
Vivo V50 Lite 256GB 5G,Honor 400 Lite
ZTE Nubia Focus 2 256GB 5G,Honor X7D
Xiaomi Redmi 15 256GB 5G,Honor X6D 5G
Samsung Galaxy A36 128GB 5G,Honor 400 Lite
Samsung Galaxy S26 Plus 256GB 5G,Magic 8 Pro
Vivo Y31 512GB 5G,Honor X8D
Apple Iphone Air 512GB 5G,Sin Segmento
Motorola Moto G06 128GB 4G,Honor X5D
Apple Iphone 16 Pro Max 256GB 5G,Apple
Xiaomi Redmi A5 64GB,Sin Segmento < S/399
Zte Nubia Air 256GB 5G,Honor X8D
Apple Iphone 17 Pro Max 512GB 5G,Apple
Apple Iphone Air 256GB 5G,Sin Segmento
Apple Iphone 17 Pro 512GB 5G,Apple
Motorola Moto G15,Honor X5C Plus
Honor Magic 8 Pro 512GB 5G,Magic 8 Pro
Honor Magic 7 lite 512GB 5G,Honor 600 E
Xiaomi Redmi 14c,Sin Segmento < S/399
Xiaomi 17 Ultra 512GB 5G,Sin Segmento
Honor X5B,Sin Segmento < S/399
Samsung Galaxy A16 128GB 5G,Honor X6D 5G
Honor X5B plus,Honor X5C Plus
Zte Blade A55,Sin Segmento < S/399
Motorola Moto E15,Sin Segmento < S/399
Xiaomi 15 Ultra 512GB 5G,Magic 8 Pro
Samsung Galaxy A06 128GB 4G,Sin Segmento < S/399
Oppo Reno 14F 512GB 5G,Honor 600 E
Zte Blade A35,Sin Segmento < S/399
ZTE Blade A75 256GB 5G,Honor X6D 5G
Samsung Galaxy S24 Ultra 512GB 5G,Honor 600 Pro 5G
Samsung Galaxy A16 256GB 4G,Honor X7D
Xiaomi Redmi 13 256GB 4G,Honor X6D 5G
Motorola Moto Edge 60 512GB 5G,Honor 600 E
Honor 200 Smart 256GB 5G,Honor X7D
Motorola Moto Signature 1TB 5G,Sin Segmento
Apple Iphone 14 128GB,Apple
Xiaomi 14T 512GB 5G,Honor 600 E
Oppo A40 4G,Honor X5C Plus
Samsung Galaxy S25 128GB 5G,Honor 600 Pro 5G
Samsung Galaxy S24 256GB 5G,Honor 600 Pro 5G
Samsung Galaxy S24 Ultra 256GB 5G,Magic 8 Pro
Apple Iphone 15 Pro Max 256GB 5G,Apple
samsung galaxy s26 plus 512gb 5g,Sin Segmento
Apple Iphone 14 Pro Max 128GB,Apple
Honor X9C Smart 256GB 5G,Honor X8D
Apple Iphone 16 Pro 128GB 5G,Apple
Motorola Moto Edge 60 Pro 512GB 5G,Honor 600 E
Apple iPhone 12 64GB,Apple
Zte Blade V60 Design,Honor X6D 5G
Honor Magic 7 Pro 512GB 5G,Magic 8 Pro
Apple Iphone 16 Pro 256GB 5G,Apple
Motorola Moto Edge 50 Fusion 5G,Honor X7D
Samsung Galaxy A06 64GB 4G,Sin Segmento < S/399
Apple iPhone 11 64GB,Apple
Oppo A5 Pro 256GB 5G,Honor 400 Lite
Samsung Galaxy A25 5G,Honor X5C Plus
Apple Iphone 15 Pro 128GB 5G,Apple
Apple Iphone 14 Pro 128GB,Apple
Oppo Reno 13F 256GB 5G,Honor 600 E
Samsung Galaxy S23 128GB,Honor 600 Pro 5G
Samsung Galaxy S24 Plus 512GB 5G,Magic 8 Pro
Samsung Galaxy S23 Ultra 512GB,Magic 8 Pro
Xiaomi Redmi 9A,Sin Segmento < S/399
Apple Iphone 14 Pro Max 256GB,Apple
Samsung Galaxy A06 128GB 5G,Sin Segmento < S/399
Motorola Moto Edge 50 Pro 5G,Honor 600 512GB
Samsung Galaxy S23 Plus 256GB,Honor 600 Pro 5G
Samsung Galaxy A35 5G,Honor X6D 5G
Oppo A60 4G,Honor X7D
Apple iPhone 11 128GB,Apple
Samsung Galaxy S23 Ultra 256GB,Honor 600 Pro 5G
Samsung Galaxy S23 Plus 512GB,Magic 8 Pro
Samsung Galaxy S25 256GB 5G,Sin Segmento
Samsung Galaxy S24 FE 256GB 5G,Honor 600 512GB
Samsung Galaxy S23 256GB,Honor 600 Pro 5G
Zte Nubia Focus 5G,Honor X6D 5G
Zte Nubia Neo2 5G,Honor X7D
Oppo A80 5G,Honor X8D
Apple Iphone 16 256GB 5G,Apple
Motorola Moto G24 Power,Honor X5C Plus
ZTE Blade V50 Vita,Honor X5C Plus
Samsung Galaxy A54 5G,Honor X7D
Motorola Moto G85 256GB 5G,Honor X8D
Samsung Galaxy S25 Ultra 512GB 5G,Magic 8 Pro
Honor X6,Sin Segmento < S/399
apple iphone 12 pro 128gb,Apple
Apple Iphone 16 Plus 128GB 5G,Apple
Apple Iphone 15 Plus 128GB 5G,Apple
Apple iPhone 12 128GB,Apple
Apple Iphone 13 Pro 128GB,Apple
Samsung ZFLIP 7,Magic 8 Pro
Vivo X300 Pro 512GB 5G,Magic 8 Pro
Samsung Galaxy Z Flip 5 512GB 5G,Magic 8 Pro
Honor X7B,Sin Segmento < S/399
Apple iPhone 12 Pro Max 128GB,Apple
Apple Iphone 15 Pro 256GB 5G,Apple
Apple Iphone 13 256GB,Apple
Apple Iphone SE 2022 64GB SN,Apple
Apple Iphone 13 Pro Max 128GB,Apple
Oppo Reno 12F 5G,Honor 400 Lite
Samsung Galaxy S22 Plus,Honor 600 512GB
Motorola Moto G54 256GB 5G,Honor X5C Plus
Xiaomi Redmi Note 13 Pro,Honor X6D 5G
Honor Magic 6 Lite 256GB 5G,Honor X7D
Xiaomi Redmi Note 13 Pro Plus 5G,Honor X8D
Samsung Galaxy S21 FE 5G,Honor 600 E
Samsung Galaxy S26 Ultra 512GB 5G,Magic 8 Pro
Samsung Galaxy S22 Ultra,Sin Segmento
Apple iPhone 12 256GB,Apple
samsung galaxy s21,Sin Segmento
xiaomi redmi note 9,Sin Segmento
Apple Iphone 14 Plus 128GB,Apple
Samsung Galaxy A55 5G,Honor 400 Lite
Oppo Reno 13F 512GB 5G,Honor 600 E
Xiaomi 14 Ultra 5G,Honor 600 Pro 5G
Honor X8B,Honor X6D 5G
Samsung Galaxy S25 Plus 256GB 5G,Magic 8 Pro
ZTE Blade A31 Plus 32GB,Sin Segmento < S/399
samsung galaxy s21 ultra,Sin Segmento
Xiaomi Redmi 9,Sin Segmento
xiaomi redmi note 9 pro,Sin Segmento
Apple Iphone 16 Plus 256GB 5G,Apple
Apple Iphone 15 256GB 5G,Apple
Apple Iphone 14 Pro 256GB,Apple
Apple Iphone 14 128GB SN,Apple
Apple Iphone 14 Plus 256GB,Apple
Apple Iphone 13 mini 128Gb,Apple
Apple Iphone 13 Pro Max 256GB,Apple
Apple Iphone 13 Pro 512GB,Apple
Apple Iphone 13 Pro 256GB,Apple
Samsung Galaxy S22,Honor 600 512GB
Samsung Galaxy Z Flip 4 256GB,Honor 600 512GB
Samsung Galaxy Z Flip 5 256GB 5G,Honor 600 Pro 5G
Samsung Galaxy Z Fold 5 256GB 5G,Honor 600 Pro 5G
Samsung Galaxy A05s,Honor X5C Plus
Honor 200 Lite 256GB 5G,Honor X6D 5G
Samsung Galaxy Z Fold 4 256GB,Magic 8 Pro
Samsung Galaxy A32,Sin Segmento
Samsung Galaxy A03S,Sin Segmento
Honor X6A Plus,Sin Segmento < S/399
Samsung Galaxy A14 5G,Sin Segmento < S/399
Xiaomi Redmi 10C 3+64GB,Sin Segmento < S/399
apple iphone 12 pro 256gb,Apple
isafe is320.1,Sin Segmento
Apple Iphone 15 Plus 256GB 5G,Apple
Apple Iphone 14 256GB,Apple
Apple Iphone 13 128GB SN,Apple
Apple Iphone 14 Plus 512GB,Apple
Apple Iphone SE 2022 128GB SN,Apple
Apple iPhone 12 Mini 64GB,Apple
Samsung Galaxy S20 FE,Honor 400 Lite
Honor 200 512GB 5G,Honor 600 512GB
Honor 200 Pro 512GB 5G,Honor 600 Pro 5G
Oppo A79 5G,Honor X5D
Samsung Galaxy A53 5G SN,Honor X5C Plus
Xiaomi Redmi 13C 256GB 5G,Honor X6D 5G
Honor Magic 5 Lite 5G 256GB,Honor X6D 5G
Oppo Reno 10 256GB 5G,Honor X6D 5G
Xiaomi Redmi Note 10s,Honor X6D 5G
Samsung Galaxy A53,Honor X7D
Vivo V40 SE 5G,Honor X8D
Samsung Galaxy A52s,Honor X8D
Xiaomi 13T 256GB 5G,Honor 600 E
Samsung Galaxy Z Fold 4 512GB,Magic 8 Pro
Samsung Fold 7,Sin Segmento
Samsung Galaxy S25 Plus 512GB 5G,Sin Segmento
Bmobile K386,Sin Segmento
Samsung Galaxy S21 Plus,Sin Segmento
Samsung Galaxy S22 Ultra 256GB,Sin Segmento
POCO M3,Sin Segmento
Samsung Galaxy A21s,Sin Segmento
Xiaomi Redmi 10 2022,Sin Segmento
Oppo A38 128GB,Sin Segmento < S/399
Samsung Galaxy A05 64GB,Sin Segmento < S/399
ZTE Blade A54,Sin Segmento < S/399
Zte Blade V40 Vita,Sin Segmento < S/399
Samsung Galaxy A04 64GB,Sin Segmento < S/399
Motorola Moto G23,Sin Segmento < S/399
Zte Blade A51,Sin Segmento < S/399
Motorola Moto G20,Sin Segmento < S/399
apple iphone 11 pro 64gb,Apple
apple iphone 12 pro max 256gb,Apple
xiaomi mi 11 lite,Sin Segmento
Apple Iphone 16 Pro Max 512GB 5G,Apple
Apple Iphone 15 Pro 512GB 5G,Apple
Apple Iphone 15 Pro Max 512GB 5G,Apple
Apple Iphone 16 Pro 512GB 5G,Apple
Apple Iphone SE 2022 64GB,Apple
Apple Iphone 11 64GB SN,Apple
Apple iPhone 12 64GB SN,Apple
Apple Iphone 14 Pro 256GB SN,Apple
Apple Iphone 13 Mini 256GB,Apple
Apple Iphone 13 Pro 256GB SN,Apple
Apple Iphone 13 Pro Max 128GB SN,Apple
Apple iPhone 12 128GB SN,Apple
Apple Iphone 13 Pro Max 256GB SN,Apple
Apple Iphone 14 512GB,Apple
Apple Iphone 14 Plus 128GB SN,Apple
Apple Iphone 14 Pro 128GB SN,Apple
Apple Iphone 14 Pro Max 128GB SN,Apple
Apple Iphone 8 64gb SN,Apple
Apple Iphone 13 Mini 128GB SN,Apple
Apple Iphone 14 Pro Max 256GB SN,Apple
Apple Iphone 14 Pro Max 512GB,Apple
20240517Apple Iphone 14 128GB SN,Apple
20240524Apple iPhone 12 64GB SN,Apple
Apple Iphone 13 512GB,Apple
Apple iPhone 6 Plus 16GB,Apple
Apple Iphone SE 2022 128GB,Apple
Honor 200 256GB 5G,Honor 400 Lite
VIVO V21 5G,Honor 600 512GB
Samsung Galaxy S23 Plus 256GB SN,Honor 600 512GB
Samsung Galaxy Z Flip 3,Honor 600 512GB
Xiaomi 12 256GB 5G,Honor 600 512GB
Zte Redmagic 9s Pro 5G,Honor 600 Pro 5G
Motorola Razr 40 Ultra 5G,Honor 600 Pro 5G
Xiaomi Redmi Note 12,Honor X5D
Oppo A58 128GB,Honor X5D
Samsung Galaxy A13,Honor X5D
Oppo A77,Honor X5D
Honor X8,Honor X5D
Motorola Moto G51 5G,Honor X5D
ZTE Blade V30,Honor X5D
Samsung Galaxy S20 FE 5G SN,Honor X5D
Samsung Galaxy A34 5G,Honor X5C Plus
Oppo A78 256GB,Honor X5C Plus
Samsung Galaxy A24,Honor X5C Plus
Oppo A58 256GB,Honor X5C Plus
Oppo A57 128GB,Honor X5C Plus
Motorola Moto G53 5G,Honor X5C Plus
Xiaomi Redmi Note 11S 128GB 4G,Honor X5C Plus
Xiaomi Redmi Note 11 Pro 4G,Honor X5C Plus
Samsung Galaxy A33,Honor X5C Plus
Samsung Galaxy A22 64GB,Honor X5C Plus
Huawei Nova 8I,Honor X5C Plus
Motorola Moto G84 256GB 5G,Honor X6D 5G
Honor 90 Lite 5G,Honor X6D 5G
Vivo Y28s 256GB 5G,Honor X6D 5G
Xiaomi Redmi Note 12S,Honor X6D 5G
Oppo Reno 11F 5G,Honor X6D 5G
Samsung Galaxy A16 128GB 4G,Honor X6D 5G
Motorola Moto Edge 40 Neo 256GB 5G,Honor X6D 5G
Motorola Moto Edge 30 Neo 5G,Honor X6D 5G
Motorola Moto Edge 30 Fusion 5G,Honor X6D 5G
Oppo Reno 7,Honor X6D 5G
Samsung Galaxy A15,Honor X6D 5G
Samsung Galaxy A23,Honor X6D 5G
Oppo Reno 6 Lite,Honor X6D 5G
Oppo Reno 11 5G,Honor X7D
Vivo V30 SE 5G,Honor X7D
Vivo V25e,Honor X7D
Honor 70 256GB,Honor X7D
Oppo Reno 7 256GB,Honor X7D
Honor X9,Honor X7D
Xiaomi 11 Lite Ne 5G 128GB,Honor X7D
Xiaomi 11T 5G,Honor X7D
Samsung Galaxy A22,Honor X7D
Samsung Galaxy A22 5G,Honor X7D
Honor 90 5G,Honor X8D
Motorola Moto Edge 40 5G,Honor X8D
Vivo Y55,Honor X8D
Samsung Galaxy S20 FE 5G,Honor X8D
Motorola Moto Edge 20 Lite,Honor X8D
Xiaomi Redmi Note 10 Pro,Honor X8D
Honor Magic 5 Lite 5G,Honor 600 E
ZTE Redmagic 8S Pro 5G,Honor 600 E
Samsung Galaxy S23 FE 5G,Honor 600 E
Xiaomi Redmi Note 13 Pro+ 5G,Honor 600 E
Samsung Galaxy Z Flip 4 128GB,Honor 600 E
Zte Redmagic 9 Pro 5G,Magic 8 Pro
Samsung Galaxy Z Fold 5 512GB 5G,Magic 8 Pro
Honor X8A,Sin segmento
Isafe IS530.1,Sin Segmento
Vivo Y53S,Sin Segmento
Xiaomi Redmi Note 11S 128GB 5G,Sin Segmento
IS 655.2,Sin Segmento
Motorola Moto G20 Edicion Especial,Sin Segmento
Azumi L6Z,Sin Segmento
Xiaomi 12 Lite,Sin Segmento
Honor 70 128GB,Sin Segmento
Huawei Nova Y70,Sin Segmento
Samsung Galaxy A12,Sin Segmento
Samsung Galaxy S10 Plus,Sin Segmento
Samsung Galaxy Z Fold 6 512GB 5G,Sin Segmento
Xiaomi Redmi Note 11 Pro 128GB 5G,Sin Segmento
ZTE Blade A3 2020,Sin Segmento
Alcatel 1066,Sin Segmento
Huawei Nova Y60,Sin Segmento
Motorola Moto G30,Sin Segmento
Samsung Galaxy A10s,Sin Segmento
Samsung Galaxy A51,Sin Segmento
Samsung Galaxy Note 10 Plus,Sin Segmento
Samsung Galaxy Z Flip 6 512GB 5G,Sin Segmento
Xiaomi 11 Lite Ne 5G 256GB,Sin Segmento
Xiaomi 12T Pro 256GB,Sin Segmento
Xiaomi Redmi 10,Sin Segmento
Xiaomi Redmi Note 10 5G,Sin Segmento
ZTE Blade A3 Lite,Sin Segmento
Bmobile AX688,Sin Segmento
Huawei Nova 9,Sin Segmento
Huawei Nova 9 SE,Sin Segmento
Huawei P50 Pro 256GB,Sin Segmento
Isafe IS330.1,Sin Segmento
Isafe Is520.1,Sin Segmento
Motorola Moto E30,Sin Segmento
Motorola Moto E32,Sin Segmento
Motorola Moto E6i,Sin Segmento
Motorola Moto Edge 30 Pro 5G,Sin Segmento
Motorola Moto G200 5G,Sin Segmento
Motorola Moto G31,Sin Segmento
Poco M4 Pro 128GB 5G,Sin Segmento
Poco X3 Pro 256GB,Sin Segmento
Samsung Galaxy A52,Sin Segmento
Vivo Y21S,Sin Segmento
Xiaomi 11 Lite Ne,Sin Segmento
Xiaomi 11 Lite Ne 5G,Sin Segmento
Xiaomi 11T Pro 5G,Sin Segmento
Xiaomi 12T 256GB,Sin Segmento
Xiaomi Redmi 9C,Sin Segmento
ZTE Blade A5 2020,Sin Segmento
Motorola Moto G04s,Sin Segmento < S/399
Samsung Galaxy A15 256GB,Sin Segmento < S/399
Samsung Galaxy A15 128GB 5G,Sin Segmento < S/399
Honor X6A,Sin Segmento < S/399
Xiaomi Redmi 13C,Sin Segmento < S/399
Samsung Galaxy A03 Core,Sin Segmento < S/399
Motorola Moto G14,Sin Segmento < S/399
ZTE Blade V50 Design,Sin Segmento < S/399
Motorola Moto E22i,Sin Segmento < S/399
Xiaomi Redmi Note 13,Sin Segmento < S/399
Motorola Moto G04,Sin Segmento < S/399
Zte Blade A53 Plus,Sin Segmento < S/399
Xiaomi Redmi 12 128GB 5G,Sin Segmento < S/399
Samsung Galaxy A04e 32GB,Sin Segmento < S/399
ZTE Blade A51 Lite 32GB,Sin Segmento < S/399
Motorola Moto G50 5G,Sin Segmento < S/399
Xiaomi Redmi A2 64GB,Sin Segmento < S/399
Oppo A17 64GB,Sin Segmento < S/399
Honor X7A,Sin Segmento < S/399
Zte Blade V40 Design,Sin Segmento < S/399
Xiaomi Redmi 12C,Sin Segmento < S/399
Xiaomi Redmi 12C 128GB,Sin Segmento < S/399
Motorola Moto G22,Sin Segmento < S/399
Xiaomi Redmi A2,Sin Segmento < S/399
Xiaomi Redmi Note 11 128GB 4G,Sin Segmento < S/399
Vivo Y22s 128GB,Sin Segmento < S/399
Xiaomi Redmi A1 32GB,Sin Segmento < S/399
Xiaomi Redmi 10A,Sin Segmento < S/399
Samsung Galaxy A03,Sin Segmento < S/399
Zte Blade V30 Vita,Sin Segmento < S/399
Honor X7,Sin Segmento < S/399
Samsung Galaxy A12 2021,Sin Segmento < S/399
Xiaomi Redmi 10C 64GB,Sin Segmento < S/399
ZTE Blade A5 2020 32GB,Sin Segmento < S/399
Motorola Moto E20,Sin Segmento < S/399
Oppo A16,Sin Segmento < S/399
Oppo A54,Sin Segmento < S/399
Motorola Moto E7i power,Sin Segmento < S/399
Apple Iphone 14 Plus 256GB SN,Apple
Honor 50 5G 256GB,Sin Segmento
Honor X7e Plus 256GB 5G,Sin Segmento
Motorola Moto Edge 20 Pro,Sin Segmento
PCK APLIPH11BK64GB INC AIRPOD,Sin Segmento
PK AIPH16PRMXBK INC CAR20WUSBC,Sin Segmento
PK AP IPH 16PM BT 256GB APP 2G,Sin Segmento
PK APLIPH13MDK INC CARG20WUSBC,Sin Segmento
PK APLIPH14BL128GB APLCARG20WC,Sin Segmento
PK APLIPH15 BK INC AIRPRO,Sin Segmento
PK APLIPH15BK INC CARG20WUSBC,Sin Segmento
PK APPL IPH 13 MD 128GB AP 4GN,Sin Segmento
PK APPL IPH 16E B 128GB AP 4GN,Sin Segmento
PK H400 512GB MB INC ATTPB,Sin Segmento
PK HONOR905G ZFRL X3LJBLSPK,Sin Segmento
PK HONX8C 256GB BK INC ATTB,Sin Segmento
PK MOTE60F 256GB AZ INC ATTB,Sin Segmento
PK MOTMG56 256GB BK INC ATTB,Sin Segmento
PK MOTOEDGE50FUS256GB AZ AUDBT,Sin Segmento
PK MOTOEDGE50FUS256GB RS AUDBT,Sin Segmento
PK MOTOEDGE50FUS256GB VD AUDBT,Sin Segmento
PK OPPO RENO12F HP 256GB ROJO,Sin Segmento
PK OPPORENO14F SW BK 256GB,Sin Segmento
PK SGLXY S24 256GB BK WATCH4,Sin Segmento
PK SGLXYA17128GB BK INC ALT,Sin Segmento
PK SGLXYA26 128GB BK INC ATTB,Sin Segmento
PK SGLXYA26128GB BK INC GP3,Sin Segmento
PK SGLXYA36 128GB BK INC ATTB,Sin Segmento
PK SGLXYS24PL 512GB BK WATCH4,Sin Segmento
PK SGLXYS24ULT 512GB BK WATCH4,Sin Segmento
PK SGLXYS26 BK 256GB INC BD4,Sin Segmento
PK SGLXYS26UT BK 256GB INC BD4,Sin Segmento
PK SGXYA56 256GB GR INC ATTB,Sin Segmento
PK XIAORN15256GB BK INC ALT,Sin Segmento
PK XRN14P 256GB MB INC ATTPB,Sin Segmento
PKAPIPH13128GBMD INC AIRP2GEN,Sin Segmento
PKIPH13 128GB STL INC AIRP2GN,Sin Segmento
PKME H400LT 256GB G INC ATTB,Sin Segmento
PKME HONX6B 256GB MBK INC MAH2,Sin Segmento
PKME HONX7D 256GB AZ INC DSP,Sin Segmento
PKME HONX8CGR 256GB INC HCW21B,Sin Segmento
PKME HOX7D256GB AZ INC AU OE V,Sin Segmento
PKME IPH13MD 128GB INC 20W USB,Sin Segmento
PKME IPH16EB 128GB INC 20W USB,Sin Segmento
PKME MOTG56 256GB VD INC DSP,Sin Segmento
PKME MOTG56256 PBK INC AU OE B,Sin Segmento
PKME MOTG56AZ 256GB INC MBUDS,Sin Segmento
PKME SGLXYA17 128GB BK INC DSP,Sin Segmento
PKME SGLXYA36B 128GB INC 25W,Sin Segmento
PKME SGLXYA56AG 256GB INC 25W,Sin Segmento
PKME SGXYA16 128GB BK INC MAH2,Sin Segmento
PKME SGXYA17128 BK INC AU OE B,Sin Segmento
PKME SGXYS24FE 128GB INC BD FE,Sin Segmento
PKME SGXYS25UG 256GB INC BD FE,Sin Segmento
PKME XIARN14MB 256GB INC RB6AB,Sin Segmento
PKME XIRMIA5 64GB BK INC MAH2,Sin Segmento
PKME XIRN14 256GB BK INC ATTB,Sin Segmento
PKME XIRN14 256GB MDBK INC DSP,Sin Segmento
PKME XIRN14256 MBK INC AU OE V,Sin Segmento
Samsung Galaxy A57 512GB 5G,Sin Segmento
Xiaomi Redmi A7 pro,Sin Segmento
Xiaomi Redmi Note 10,Sin Segmento
Zte Blade A57 Pro 128GB 4G,Sin Segmento
